id,user_id,date,activity_id,activity_name,activity_type,start_time,duration_min,distance_km,avg_hr,max_hr,calories,avg_speed_kmh,elevation_gain_m,training_effect,vo2max
1,1,2025-01-02,17898311735,Villeurbanne Course à pied,running,2025-01-02 17:23:48,49.3,8.21,163,187,711,9.99,6,,46
2,1,2025-01-05,17920820495,Villeurbanne Course à pied,running,2025-01-05 10:55:18,57.4,7.99,138,177,616,8.35,22,,46
3,1,2025-01-11,17970604483,Nat. piscine,lap_swimming,2025-01-11 08:07:23,80.2,1.6,116,163,399,3.26,,,
4,1,2025-01-12,17981290574,Villeurbanne Course à pied,running,2025-01-12 11:29:24,57.2,9.67,155,181,747,10.14,30,,45
5,1,2025-01-18,18033559223,Nat. piscine,lap_swimming,2025-01-18 08:07:37,48.9,1.05,118,159,242,2.59,,,
6,1,2025-01-19,18046517819,Villeurbanne Course à pied,running,2025-01-19 15:09:25,56.8,8.93,146,173,670,9.44,12,,45
7,2,2025-01-03,17905324963,Villeurbanne Course à pied,running,2025-01-03 14:14:25,61.5,10.09,124,146,493,9.84,22,,49
8,1,2025-01-22,18080827411,Villeurbanne Course à pied,running,2025-01-22 18:48:17,50.1,8.28,154,183,633,9.91,7,,45
9,2,2025-01-05,17921087787,Villeurbanne Course à pied,running,2025-01-05 11:07:54,44.7,6.1,110,142,306,8.19,17,,49
10,1,2025-01-24,18091428446,Course en salle,indoor_running,2025-01-24 19:36:30,53.3,1.02,86,121,209,1.14,,,
11,2,2025-01-05,17921086678,Villeurbanne - Course de référence,running,2025-01-05 10:55:59,9,1.46,116,143,71,9.71,2,,
12,1,2025-01-25,18103946811,Nat. piscine,lap_swimming,2025-01-25 08:05:39,52.8,1.18,119,161,280,2.62,,,
13,2,2025-01-06,17932226799,Villeurbanne - Course plus courte,running,2025-01-06 18:08:13,9.1,1.61,116,134,73,10.62,4,,
14,1,2025-01-26,18107229591,Course à pied,running,2025-01-26 12:14:23,17.2,2.61,136,157,198,9.08,10,,
15,1,2025-01-26,18107229007,Villeurbanne Course à pied,running,2025-01-26 11:16:25,49.8,7.26,135,157,503,8.76,22,,46
16,2,2025-01-07,17940823576,Villeurbanne - Course tranquille,running,2025-01-07 17:38:44,27.2,4.84,125,138,231,10.65,2,,49
17,1,2025-01-26,18107227261,Villeurbanne - Course de référence,running,2025-01-26 11:06:50,9,1.35,132,143,96,8.99,4,,46
18,2,2025-01-08,17948096366,Villeurbanne - Course tranquille,running,2025-01-08 15:02:27,18.1,3.23,147,166,174,10.67,11,,49
19,2,2025-01-11,17970578481,Nat. piscine,lap_swimming,2025-01-11 08:07:09,56.5,1.25,95,165,185,3.18,,,
20,1,2025-01-31,18153251715,Course en salle,indoor_running,2025-01-31 19:26:55,45.3,0.02,83,113,167,0.03,,,
21,2,2025-01-12,17981303605,Villeurbanne Course à pied,running,2025-01-12 12:17:22,18,3.06,121,133,151,10.17,6,,
22,1,2025-02-01,18156345264,Natation,running,2025-02-01 08:07:20,1.6,0.1,107,125,9,3.78,0,,
23,2,2025-01-12,17981297345,Villeurbanne - Negative split,running,2025-01-12 11:29:28,37.6,6.48,128,164,303,10.34,17,,49
24,1,2025-02-02,18170482352,Villeurbanne Course à pied,running,2025-02-02 16:59:25,14.7,2.68,150,170,186,10.92,4,,46
25,1,2025-02-02,18170481172,Villeurbanne - Course tranquille,running,2025-02-02 16:08:08,50,7.4,141,168,560,8.88,17,,46
26,2,2025-01-13,17990191003,Villeurbanne - Course plus courte,running,2025-01-13 12:23:45,8.1,1.61,129,152,71,11.93,4,,50
27,2,2025-01-14,18001848901,Villeurbanne - Course tranquille,running,2025-01-14 17:18:08,26.8,4.83,125,140,227,10.8,0,,50
28,2,2025-01-15,18006937560,Villeurbanne - Exercices de cadence,running,2025-01-15 07:39:36,17.3,3.22,134,142,160,11.16,11,,50
29,1,2025-02-07,18216189686,Course en salle,indoor_running,2025-02-07 19:22:53,54,0,88,115,226,0,,,
30,1,2025-02-08,18223842231,Course en salle,indoor_running,2025-02-08 16:10:20,61.8,1.95,86,114,240,1.89,,,
31,1,2025-02-09,18233532239,Villeurbanne Course à pied,running,2025-02-09 17:05:38,38.8,6.43,151,169,495,9.95,4,,45
32,1,2025-02-09,18233133260,Villeurbanne - Course de référence,running,2025-02-09 16:56:07,9,1.26,131,147,95,8.42,7,,46
33,2,2025-01-19,18046517913,Villeurbanne - Negative split,running,2025-01-19 15:09:51,36.5,6.33,120,147,303,10.41,4,,50
34,2,2025-01-20,18055057367,Villeurbanne - Course plus courte,running,2025-01-20 17:25:14,8.6,1.61,123,141,74,11.24,9,,50
35,1,2025-02-14,18277605961,Course en salle,indoor_running,2025-02-14 19:20:46,87.8,0.03,76,107,252,0.02,,,
36,2,2025-01-21,18061645816,Villeurbanne - Course tranquille,running,2025-01-21 12:12:59,28.9,4.83,154,167,287,10.02,42,,50
37,2,2025-01-22,18072236853,Villeurbanne - Allure de course,running,2025-01-22 15:10:17,16.6,3.22,129,143,149,11.62,10,,50
38,1,2025-02-16,18293751545,Villeurbanne Course à pied,running,2025-02-16 15:26:51,49.9,8.6,166,181,712,10.35,9,,45
39,1,2025-02-16,18293748875,Villeurbanne - Run Walk Run®,running,2025-02-16 14:53:40,32.6,4.88,137,170,349,8.99,12,,46
40,1,2025-02-19,18321959397,Villeurbanne Course à pied,running,2025-02-19 17:25:51,47.9,8.32,156,180,627,10.42,27,,45
41,2,2025-01-26,18105443657,Villeurbanne - Negative split,running,2025-01-26 11:06:53,56.8,9.66,131,148,485,10.19,13,,50
42,2,2025-01-27,18117039836,Villeurbanne - Course plus courte,running,2025-01-27 19:05:29,18.2,3.22,136,148,173,10.59,13,,50
43,1,2025-02-22,18342568377,Nat. piscine,lap_swimming,2025-02-22 08:06:15,55.1,1.1,109,157,271,2.34,,,
44,2,2025-01-28,18125060770,Villeurbanne - Course tranquille,running,2025-01-28 17:25:17,29.7,4.83,116,134,233,9.77,11,,50
45,2,2025-01-29,18132929612,Lyon - Exercices de cadence,running,2025-01-29 14:23:42,18.3,3.22,128,143,165,10.58,9,,50
46,1,2025-02-26,18384921357,Course en salle,indoor_running,2025-02-26 19:07:53,40.4,0.74,94,125,201,1.1,,,
47,1,2025-02-28,18399560181,Vaulx-en-Velin Course à pied,running,2025-02-28 13:07:33,27.9,5.11,151,181,347,11,25,,46
48,2,2025-02-01,18156345809,Nat. piscine,lap_swimming,2025-02-01 08:06:20,50.4,1.32,104,129,232,2.44,,,
49,2,2025-02-02,18170470183,Villeurbanne - Negative split,running,2025-02-02 16:08:53,38,6.44,116,147,307,10.17,8,,50
50,1,2025-03-02,18419603141,Les 3 Vallees Ski,resort_skiing,2025-03-02 10:14:23,103.5,43.24,93,124,484,25.07,0,,
51,2,2025-02-03,18176310126,Villeurbanne - Course plus courte,running,2025-02-03 12:16:59,8.7,1.61,120,129,74,11.1,11,,
52,1,2025-03-03,18428165715,Les 3 Vallees Ski,resort_skiing,2025-03-03 09:39:11,100.3,37.9,93,119,484,22.67,0,,
53,2,2025-02-04,18185408782,Villeurbanne - Course tranquille,running,2025-02-04 12:16:41,26.5,4.83,128,143,237,10.93,11,,50
54,2,2025-02-05,18197345532,Villeurbanne - Allure de course,running,2025-02-05 17:05:15,17.9,3.22,122,140,157,10.76,2,,50
55,1,2025-03-07,18464786652,Les 3 Vallees Ski,resort_skiing,2025-03-07 09:33:39,94.2,41.5,89,117,396,26.43,0,,
56,1,2025-03-09,18484682030,Villeurbanne Course à pied,running,2025-03-09 11:21:22,98.4,15.41,152,182,1230,9.4,41,,46
57,2,2025-02-08,18219302988,Nat. piscine,lap_swimming,2025-02-08 08:04:06,53,1.1,101,143,237,2.83,,,
58,2,2025-02-10,18241374734,Villeurbanne - Course plus courte,running,2025-02-10 17:20:32,17,3.22,131,149,156,11.38,2,,50
59,2,2025-02-11,18248380883,Villeurbanne - Course tranquille,running,2025-02-11 13:05:14,33.1,4.83,121,144,264,8.74,59,,50
60,1,2025-03-15,18535953687,Nat. piscine,lap_swimming,2025-03-15 08:06:30,59.1,1.23,117,159,309,2.59,,,
61,2,2025-02-12,18258610254,Villeurbanne - Exercices de cadence,running,2025-02-12 15:49:09,17.5,3.22,130,140,159,11.06,13,,50
62,2,2025-02-15,18286825619,Course à pied,running,2025-02-15 16:57:38,0,0,,,0,,0,,
63,2,2025-02-16,18290550204,Villeurbanne - Negative split,running,2025-02-16 09:48:18,61.9,10.46,120,142,503,10.14,31,,51
64,2,2025-02-17,18302450766,Villeurbanne - Course plus courte,running,2025-02-17 17:29:46,21.6,4.02,120,142,184,11.2,2,,
65,1,2025-03-23,18611383693,Villeurbanne Course à pied,running,2025-03-23 09:16:54,84.9,13.75,155,180,1095,9.72,34,,45
66,2,2025-02-18,18308954650,Villeurbanne - Course tranquille,running,2025-02-18 12:06:05,36.2,6.44,129,145,327,10.66,72,,51
67,2,2025-02-19,18317456508,Lyon - Allure de course,running,2025-02-19 10:37:12,16.9,3.22,128,147,155,11.43,9,,51
68,2,2025-02-22,18342982726,Nat. piscine,lap_swimming,2025-02-22 08:05:41,56.8,1.23,98,137,178,2.88,,,
69,1,2025-03-30,18681474296,Villeurbanne Course à pied,running,2025-03-30 15:39:01,63.3,10.17,147,185,766,9.64,22,,45
70,2,2025-02-23,18351636171,Villeurbanne - Negative split,running,2025-02-23 08:19:18,59.1,10.46,129,146,522,10.62,9,,51
71,2,2025-02-24,18364506232,Villeurbanne - Course plus courte,running,2025-02-24 16:40:47,17.6,3.22,119,132,152,10.96,13,,
72,2,2025-02-25,18373789746,Villeurbanne - Course tranquille,running,2025-02-25 16:19:37,35.7,6.44,124,138,314,10.83,50,,51
73,2,2025-02-26,18384921441,Lyon Autre,other,2025-02-26 19:27:49,20.4,0.33,121,142,152,0.96,14,,
74,1,2025-04-06,18751559880,Villeurbanne Course à pied,running,2025-04-06 09:53:23,0.7,0.06,89,94,4,5.15,0,,
75,2,2025-02-26,18382807960,Villeurbanne - Exercices de cadence,running,2025-02-26 15:34:35,16.6,3.22,127,145,153,11.61,11,,51
76,2,2025-02-27,18392698989,Villeurbanne - Negative split,running,2025-02-27 16:19:12,44.1,8.05,127,149,396,10.96,7,,52
77,2,2025-02-28,18399245631,Nat. piscine,lap_swimming,2025-02-28 11:56:19,48.3,0.72,80,117,121,3.28,,,
78,1,2025-04-12,18814551325,Course à pied,running,2025-04-12 20:58:10,18.3,3,139,153,211,9.86,4,,
79,2,2025-03-02,18419568321,Les 3 Vallees Ski,resort_skiing,2025-03-02 09:42:55,102.2,45.81,81,135,298,26.89,0,,
80,1,2025-04-12,18803557117,Nat. piscine,lap_swimming,2025-04-12 08:03:40,55.6,1.6,119,153,407,2.54,,,
81,2,2025-03-03,18427718553,Les 3 Vallees Ski,resort_skiing,2025-03-03 14:35:40,35.9,15.03,81,118,105,25.1,0,,
82,2,2025-03-03,18425558008,Les 3 Vallees Ski,resort_skiing,2025-03-03 10:16:51,22.7,10.45,74,117,53,27.63,0,,
83,2,2025-03-04,18436926701,Les 3 Vallees Ski,resort_skiing,2025-03-04 09:31:16,89.6,39.19,78,136,238,26.24,0,,
84,2,2025-03-05,18446410844,Les 3 Vallees Ski,resort_skiing,2025-03-05 09:34:42,104.4,45.68,74,136,236,26.24,0,,
85,1,2025-04-19,18869510734,Nat. piscine,lap_swimming,2025-04-19 08:08:46,50.1,1.1,106,148,266,2.58,,,
86,2,2025-03-06,18455914354,Les 3 Vallees Ski,resort_skiing,2025-03-06 09:44:23,90.7,38.82,75,123,215,25.68,0,,
87,1,2025-04-20,18881442576,Lyon Course à pied,running,2025-04-20 12:27:58,39.3,6.46,158,181,511,9.86,22,,45
88,1,2025-04-20,18880908726,Villeurbanne Course à pied,running,2025-04-20 11:13:01,62.1,10.04,147,179,746,9.71,20,,45
89,2,2025-03-07,18464661152,Les 3 Vallees Ski,resort_skiing,2025-03-07 09:21:56,99.3,44.36,79,128,262,26.81,0,,
90,1,2025-04-21,18888415749,Villeurbanne Course à pied,running,2025-04-21 09:07:20,31.7,5.03,150,166,385,9.51,50,,45
91,2,2025-03-09,18482844711,Villeurbanne - Negative split,running,2025-03-09 11:21:27,78,12.87,129,152,690,9.9,25,,52
92,1,2025-04-23,18915203934,Course en salle,indoor_running,2025-04-23 19:15:10,88.3,2.22,85,116,320,1.51,,,
93,2,2025-03-10,18494686027,Villeurbanne - Course plus courte,running,2025-03-10 17:53:54,28.4,4.83,119,133,243,10.2,15,,
94,2,2025-03-11,18501404163,Villeurbanne - Course tranquille,running,2025-03-11 12:10:42,38,6.44,130,146,343,10.15,51,,52
95,1,2025-04-26,18938367133,Course à pied,running,2025-04-26 10:18:26,0.1,0,86,96,0,,0,,
96,2,2025-03-12,18509603748,Villeurbanne - Exercices de cadence,running,2025-03-12 08:20:33,25.9,4.83,128,139,241,11.19,15,,52
97,1,2025-04-27,18955506014,Lyon Course à pied,running,2025-04-27 18:39:33,42.7,6.9,150,172,522,9.68,58,,45
98,1,2025-04-29,18971249688,Villeurbanne Course à pied,running,2025-04-29 15:14:23,55,8.18,138,157,588,8.92,20,,45
99,2,2025-03-15,18535936215,Nat. piscine,lap_swimming,2025-03-15 08:05:55,54.9,0.97,97,147,207,2.62,,,
100,1,2025-05-01,18992898298,Talloires-Montmin Course à pied,running,2025-05-01 15:05:51,55.6,34.66,102,156,307,37.39,2325,,
101,2,2025-03-16,18546532496,Villeurbanne - Negative split,running,2025-03-16 10:15:55,76.9,12.87,122,146,640,10.04,53,,52
102,2,2025-03-17,18555792051,Villeurbanne - Course plus courte,running,2025-03-17 12:18:33,26.3,4.83,126,136,238,10.99,22,,52
103,1,2025-05-04,19024081056,Villeurbanne Course à pied,running,2025-05-04 16:19:27,48.5,7.12,139,172,530,8.81,53,,45
104,2,2025-03-18,18568015802,Villeurbanne - Course tranquille,running,2025-03-18 17:35:48,41,6.44,114,135,324,9.41,59,,52
105,2,2025-03-19,18576184696,Lyon Course à pied,running,2025-03-19 14:50:06,15,2.73,122,132,132,10.9,7,,52
106,2,2025-03-19,18576184144,Villeurbanne - Répétitions pente,running,2025-03-19 14:23:05,22.7,3.8,124,141,194,10.05,100,,52
107,1,2025-05-08,19060424916,Lyon Course à pied,running,2025-05-08 11:24:12,41.4,6.38,149,170,489,9.26,50,,44
108,1,2025-05-08,19060423309,Villeurbanne Course à pied,running,2025-05-08 10:22:21,60.4,10.03,152,181,755,9.96,30,,45
109,1,2025-05-10,19077714017,Nat. piscine,lap_swimming,2025-05-10 08:06:06,55.9,1.02,117,164,212,2.26,,,
110,2,2025-03-23,18611970467,Villeurbanne - Negative split,running,2025-03-23 09:16:54,84.2,14.48,126,149,736,10.31,32,,52
111,1,2025-05-11,19091926799,Course à pied,running,2025-05-11 14:28:34,34.7,5.93,152,171,437,10.27,34,,
112,2,2025-03-24,18622001743,Villeurbanne - Course plus courte,running,2025-03-24 12:17:20,25.8,4.83,133,149,241,11.24,12,,52
113,2,2025-03-25,18634552306,Villeurbanne - Course tranquille,running,2025-03-25 17:34:11,41.1,6.44,115,130,328,9.39,48,,52
114,2,2025-03-26,18643799197,Villeurbanne - Exercices de cadence,running,2025-03-26 16:12:59,35.5,6.44,127,143,326,10.89,57,,52
115,1,2025-05-16,19140758432,Vaulx-en-Velin Course à pied,running,2025-05-16 09:45:31,56.3,10.05,162,186,774,10.72,31,,45
116,1,2025-05-17,19150843088,Nat. piscine,lap_swimming,2025-05-17 08:04:19,52.4,1.5,113,141,371,2.66,,,
117,1,2025-05-18,19162160518,Villeurbanne Course à pied,running,2025-05-18 10:38:55,32.1,4.8,136,158,347,8.98,56,,46
118,2,2025-03-29,18667607067,Nat. piscine,lap_swimming,2025-03-29 08:05:44,51.8,1.32,102,136,256,3.11,,,
119,2,2025-03-30,18681788382,Villeurbanne - Negative split,running,2025-03-30 15:39:09,54.9,9.66,125,146,484,10.54,22,,53
120,2,2025-03-31,18688921777,Villeurbanne - Course plus courte,running,2025-03-31 12:14:00,25.7,4.83,127,143,241,11.27,28,,53
121,1,2025-05-24,19217307433,Nat. piscine,lap_swimming,2025-05-24 08:06:16,51.5,1.35,114,153,309,2.49,,,
122,2,2025-04-01,18701678042,Villeurbanne - Course tranquille,running,2025-04-01 18:01:26,47.4,8.05,119,133,397,10.19,20,,53
123,1,2025-05-25,19233235744,Villeurbanne Course à pied,running,2025-05-25 18:32:18,31.3,5.01,147,170,383,9.6,39,,45
124,2,2025-04-02,18706699410,Villeurbanne - Allure de course,running,2025-04-02 09:34:19,25.7,4.83,125,149,236,11.28,22,,53
125,2,2025-04-06,18746467610,Villeurbanne - Negative split,running,2025-04-06 09:54:05,83.7,14.48,125,148,738,10.38,36,,53
126,2,2025-04-07,18759816891,Villeurbanne - Course plus courte,running,2025-04-07 18:03:35,28.4,4.83,118,133,240,10.21,27,,53
127,2,2025-04-08,18769304407,Villeurbanne - Course tranquille,running,2025-04-08 17:37:23,48.2,8.05,117,144,384,10.01,16,,53
128,2,2025-04-09,18779626882,Villeurbanne - Exercices de cadence,running,2025-04-09 18:17:30,36.4,6.44,123,139,313,10.61,13,,53
129,1,2025-06-07,19362533176,Villeurbanne Course à pied,running,2025-06-07 17:45:58,13.5,2.16,135,149,152,9.55,9,,
130,1,2025-06-08,19367095881,Villeurbanne Course à pied,running,2025-06-08 09:29:04,32.1,4.86,144,167,375,9.08,55,,
131,2,2025-04-13,18814166579,Villeurbanne - Negative split,running,2025-04-13 09:40:59,96.1,16.09,120,143,803,10.04,24,,53
132,2,2025-04-14,18823736152,Villeurbanne - Course plus courte,running,2025-04-14 12:05:06,29.4,4.83,116,130,247,9.84,52,,
133,2,2025-04-15,18838122575,Villeurbanne - Course tranquille,running,2025-04-15 18:14:02,45.8,8.05,120,132,388,10.53,8,,54
134,2,2025-04-16,18845175630,Villeurbanne - Répétitions pente,running,2025-04-16 15:15:04,55.1,9.88,115,143,451,10.76,76,,53
135,1,2025-06-15,19446322385,Villeurbanne Course à pied,running,2025-06-15 17:01:41,35.6,5.09,143,162,399,8.58,40,,45
136,1,2025-06-15,19440523014,Lyon Marche à pied,walking,2025-06-15 15:18:15,9.9,0.92,89,108,53,5.58,2,,46
137,1,2025-06-15,19440257973,Lyon Marche à pied,walking,2025-06-15 14:51:12,10.9,0.91,90,101,54,5.01,0,,45
138,1,2025-06-15,19438135761,Villeurbanne Course à pied,running,2025-06-15 11:49:47,2.3,0.42,137,144,26,11.02,6,,
139,1,2025-06-16,19450939722,Villeurbanne Marche à pied,walking,2025-06-16 17:50:00,12,1.37,112,127,94,6.87,4,,46
140,1,2025-06-17,19464281265,Strasbourg Marche à pied,walking,2025-06-17 21:37:43,10.6,0.69,91,117,47,3.9,2,,
141,1,2025-06-17,19462119659,Strasbourg Marche à pied,walking,2025-06-17 18:31:25,23.4,1.73,78,95,109,4.44,14,,46
142,2,2025-04-19,18869768125,Nat. piscine,lap_swimming,2025-04-19 08:08:32,48.9,1.23,95,127,194,2.83,,,
143,1,2025-06-17,19461284912,Strasbourg Marche à pied,walking,2025-06-17 17:28:42,12.1,1.02,87,103,63,5.04,7,,45
144,1,2025-06-17,19456867039,Strasbourg Marche à pied,walking,2025-06-17 08:42:03,9.9,0.92,91,100,55,5.56,2,,45
145,2,2025-04-20,18881650923,Villeurbanne - Negative split,running,2025-04-20 11:13:01,93.6,16.09,124,149,827,10.32,59,,54
146,1,2025-06-18,19475116208,Strasbourg Marche à pied,walking,2025-06-18 22:03:27,31.5,2.41,94,113,148,4.6,12,,45
147,1,2025-06-18,19473726608,Strasbourg Marche à pied,walking,2025-06-18 19:34:27,33.4,2.54,80,101,162,4.56,2,,45
148,1,2025-06-18,19472029078,Strasbourg Marche à pied,walking,2025-06-18 17:20:02,13.3,0.95,77,93,61,4.3,13,,46
149,1,2025-06-18,19467716239,Strasbourg Marche à pied,walking,2025-06-18 08:37:02,9.1,0.72,89,117,48,4.77,13,,45
150,2,2025-04-21,18888700265,Villeurbanne - Course plus courte,running,2025-04-21 09:07:24,28.7,4.83,120,136,252,10.08,59,,54
151,1,2025-06-19,19487884230,Lyon Marche à pied,walking,2025-06-19 18:13:27,23,1.99,87,108,131,5.2,4,,45
152,1,2025-06-19,19478035744,Strasbourg Marche à pied,walking,2025-06-19 08:38:23,12.5,1.01,107,126,67,4.83,0,,44
153,2,2025-04-22,18901201349,Villeurbanne - Course tranquille,running,2025-04-22 13:50:32,45.5,8.05,126,140,416,10.62,26,,54
154,1,2025-06-19,19477484749,Strasbourg Course à pied,running,2025-06-19 06:16:35,67.9,11.55,158,177,883,10.21,38,,45
155,2,2025-04-23,18913569625,Villeurbanne - Allure de course,running,2025-04-23 17:43:34,39.1,6.44,114,130,315,9.87,48,,54
156,1,2025-06-21,19501721005,Lyon Course à pied,running,2025-06-21 15:58:52,1.8,0.21,114,122,15,7.16,0,,
157,1,2025-06-21,19500337419,Villeurbanne Marche à pied,walking,2025-06-21 13:28:39,16.2,1.6,90,103,95,5.92,3,,45
158,1,2025-06-21,19497632878,Villeurbanne Course à pied,running,2025-06-21 08:55:25,15.7,2.5,140,155,177,9.54,4,,45
159,2,2025-04-24,18923235142,Villeurbanne - Negative split,running,2025-04-24 16:44:04,60.3,10.46,119,142,515,10.41,18,,54
160,1,2025-06-23,19524815007,Villeurbanne Marche à pied,walking,2025-06-23 20:51:23,23.2,2.11,81,94,133,5.46,4,,45
161,2,2025-04-25,18931798610,Villeurbanne - Course plus courte,running,2025-04-25 16:04:15,27.3,4.83,127,151,248,10.61,24,,54
162,2,2025-04-26,18938503879,Villeurbanne - Course tranquille,running,2025-04-26 10:18:00,41.7,8.05,130,142,405,11.58,4,,54
163,2,2025-04-27,18950229750,Villeurbanne - Exercices de cadence,running,2025-04-27 12:33:19,35.8,6.44,122,135,321,10.77,49,,54
164,1,2025-06-27,19563877436,Munich Marche à pied,walking,2025-06-27 22:25:28,17.3,1.25,87,108,80,4.33,4,,45
165,2,2025-04-28,18961488307,Saint-Romain-la-Motte Randonnée,hiking,2025-04-28 16:08:58,84.6,5.56,63,74,114,3.94,53,,
166,1,2025-06-28,19574042475,Munich Marche à pied,walking,2025-06-28 21:58:31,58.5,4.01,86,107,249,4.11,2,,45
167,1,2025-06-28,19573269077,Munich Marche à pied,walking,2025-06-28 20:43:22,11.7,0.98,101,111,58,5.06,0,,
168,1,2025-06-28,19572249409,Munich Marche à pied,walking,2025-06-28 18:33:15,11.7,0.92,87,114,61,4.72,0,,45
169,1,2025-06-28,19572122822,Munich Marche à pied,walking,2025-06-28 18:17:30,14.3,1.13,88,104,72,4.74,4,,45
170,2,2025-04-29,18972209269,Villeurbanne - Negative split,running,2025-04-29 15:14:27,107.2,17.7,125,145,933,9.91,29,,54
171,1,2025-06-28,19572121955,Munich Marche à pied,walking,2025-06-28 16:50:53,18.1,1.41,89,119,92,4.66,7,,45
172,1,2025-06-28,19570571717,Munich Marche à pied,walking,2025-06-28 15:47:36,12.2,1,113,127,71,4.92,4,,
173,1,2025-06-28,19568312027,Munich Marche à pied,walking,2025-06-28 12:02:58,9.8,0.86,104,117,58,5.23,11,,45
174,2,2025-04-30,18981863875,Annecy Randonnée,hiking,2025-04-30 14:52:59,84.7,4.22,76,118,213,2.99,95,,
175,1,2025-06-29,19577563038,Munich Marche à pied,walking,2025-06-29 10:29:14,33.5,2.37,79,94,150,4.25,6,,45
176,2,2025-04-30,18981862383,Annecy Randonnée,hiking,2025-04-30 13:11:22,64.1,2.96,92,144,249,2.78,438,,
177,1,2025-06-29,19577125996,Munich Marche à pied,walking,2025-06-29 10:06:36,16.1,1.16,81,95,74,4.32,2,,45
178,2,2025-05-02,19003054953,Villeurbanne - Course plus courte,running,2025-05-02 15:55:48,27.5,4.83,124,133,250,10.53,15,,54
179,2,2025-05-04,19020208609,Vaulx-en-Velin Course à pied,running,2025-05-04 09:16:51,132.5,22.79,135,151,1232,10.31,44,,54
180,1,2025-07-04,19633482503,Lyon Marche à pied,walking,2025-07-04 22:04:17,21.8,1.79,110,128,124,4.92,2,,45
181,1,2025-07-04,19632774003,Lyon Marche à pied,walking,2025-07-04 20:21:17,16.9,1.48,101,127,88,5.23,0,,45
182,1,2025-07-04,19632741267,Lyon Marche à pied,walking,2025-07-04 19:07:39,12,1.2,87,113,73,5.97,2,,45
183,2,2025-05-06,19043234832,Villeurbanne - Course tranquille,running,2025-05-06 17:48:39,47.1,8.05,112,125,375,10.25,23,,
184,1,2025-07-06,19650903240,Lyon Marche à pied,walking,2025-07-06 17:06:42,15.4,1.19,86,112,69,4.66,0,,
185,1,2025-07-06,19650035389,Lyon Marche à pied,walking,2025-07-06 15:35:02,17.7,1.19,87,101,75,4.04,14,,45
186,1,2025-07-06,19650033337,Villeurbanne Course à pied,running,2025-07-06 11:01:20,51,7.59,155,182,634,8.93,60,,45
187,1,2025-07-06,19644017593,Lyon Marche à pied,walking,2025-07-06 00:42:13,10.9,0.93,82,101,55,5.12,0,,45
188,1,2025-07-06,19643947483,Villeurbanne Marche à pied,walking,2025-07-06 00:08:03,25.7,2.11,87,97,136,4.91,10,,45
189,2,2025-05-07,19049555323,Villeurbanne - Répétitions pente,running,2025-05-07 10:26:32,39.7,6.46,114,129,319,9.77,96,,
190,1,2025-07-07,19656236498,Vaulx-en-Velin Course à pied,running,2025-07-07 10:10:52,1.3,0.14,119,131,11,6.76,0,,
191,2,2025-05-08,19060248968,Villeurbanne - Negative split,running,2025-05-08 10:22:19,100.6,17.7,124,140,891,10.56,41,,54
192,2,2025-05-10,19078482379,Nat. piscine,lap_swimming,2025-05-10 08:05:52,57.9,1.5,93,120,232,2.85,,,
193,2,2025-05-11,19091834303,Villeurbanne - Course plus courte,running,2025-05-11 14:28:41,29.2,4.83,117,136,247,9.92,41,,54
194,1,2025-07-12,19711960716,Bidart Marche à pied,walking,2025-07-12 18:07:33,12,0.75,83,113,56,3.73,18,,45
195,1,2025-07-13,19720039706,Biarritz Marche à pied,walking,2025-07-13 14:37:20,6.3,0.36,77,87,30,3.38,0,,
196,2,2025-05-13,19113197610,Villeurbanne - Allure de course,running,2025-05-13 17:40:54,41,6.44,113,135,330,9.41,52,,54
197,1,2025-07-14,19734505891,Biarritz Marche à pied,walking,2025-07-14 23:11:35,11.7,0.78,100,117,57,3.99,9,,
198,1,2025-07-14,19728166431,Bidart Course à pied,running,2025-07-14 10:39:36,73.9,10.06,142,175,798,8.17,155,,44
199,2,2025-05-14,19120359219,Villeurbanne - Negative split,running,2025-05-14 09:28:04,116.1,19.31,121,138,981,9.98,46,,54
200,1,2025-07-15,19739065736,Saint-Jean-de-Luz Marche à pied,walking,2025-07-15 12:29:50,18.9,1.1,76,96,76,3.5,0,,44
201,1,2025-07-16,19749468725,Bidart Course à pied,running,2025-07-16 10:32:01,90.7,12.4,147,185,1005,8.2,211,,44
202,2,2025-05-16,19144977196,Course en salle,indoor_running,2025-05-16 19:20:48,47.9,0,57,84,57,,,,
203,1,2025-07-18,19772665025,Bidart Course à pied,running,2025-07-18 10:38:25,58.7,8,140,173,620,8.18,69,,44
204,2,2025-05-17,19148508038,Nat. piscine,lap_swimming,2025-05-17 08:04:19,56.7,1.5,92,150,213,2.87,,,
205,2,2025-05-18,19159619449,Villeurbanne - Course plus courte,running,2025-05-18 10:39:06,32.3,4.83,117,132,259,8.97,48,,54
206,1,2025-07-21,19802392156,Colombier-Saugnieu Marche à pied,walking,2025-07-21 15:49:33,5.9,0.52,107,121,39,5.35,2,,
207,1,2025-07-21,19801992292,Lyon Marche à pied,walking,2025-07-21 14:59:44,12.2,1.22,102,124,70,6.03,6,,44
208,2,2025-05-19,19173311959,Lyon - Course tranquille,running,2025-05-19 18:04:38,46.9,8.05,118,134,405,10.3,44,,54
209,1,2025-07-21,19801991571,Lyon Marche à pied,walking,2025-07-21 12:52:52,18.4,1.93,99,122,119,6.27,6,,44
210,1,2025-07-21,19800230901,Villeurbanne Marche à pied,walking,2025-07-21 11:29:50,29.8,2.74,107,123,169,5.52,6,,44
211,1,2025-07-21,19799947660,Villeurbanne Marche à pied,walking,2025-07-21 11:01:35,14.6,1.32,93,117,80,5.45,2,,44
212,1,2025-07-21,19799423845,Villeurbanne Course à pied,running,2025-07-21 09:14:53,39.3,5.83,141,160,432,8.88,28,,44
213,2,2025-05-21,19190213409,Villeurbanne - Negative split,running,2025-05-21 09:29:52,75.2,12.87,119,135,639,10.27,29,,55
214,1,2025-07-24,19832981472,Plitvicka jezera Marche à pied,walking,2025-07-24 08:45:11,186.2,13.47,99,139,924,4.34,201,,44
215,1,2025-07-25,19842964932,Plitvicka jezera Marche à pied,walking,2025-07-25 09:01:15,175.5,17.11,82,164,607,5.85,267,,
216,2,2025-05-24,19217509747,Nat. piscine,lap_swimming,2025-05-24 08:05:49,49.7,1.35,99,131,237,2.75,,,
217,2,2025-05-25,19233272474,Villeurbanne - Course plus courte,running,2025-05-25 18:32:18,30.8,4.83,115,136,251,9.42,40,,55
218,1,2025-07-27,19867387608,Obrovac Marche à pied,walking,2025-07-27 17:29:08,18.1,0.99,113,130,127,3.29,128,,
219,2,2025-05-29,19270632881,Menétrux-en-Joux Randonnée,hiking,2025-05-29 14:03:52,160.7,7.66,73,120,351,2.86,252,,
220,2,2025-05-31,19288667731,Le Frasnois Randonnée,hiking,2025-05-31 09:07:07,269,15.56,78,126,705,3.47,468,,
221,1,2025-08-05,19956835545,Dubrovnik Marche à pied,walking,2025-08-05 11:23:14,38.2,1.95,80,112,153,3.07,50,,44
222,1,2025-08-10,20015081498,Nat. piscine,lap_swimming,2025-08-10 17:33:21,54.4,1.15,98,134,288,2.55,,,
223,2,2025-06-08,19366504188,Villeurbanne Course à pied,running,2025-06-08 09:29:01,48.7,7.41,112,134,383,9.12,58,,55
224,2,2025-06-11,19401923542,Nat. piscine,lap_swimming,2025-06-11 18:06:24,26.8,0.55,82,116,81,2.52,,,
225,2,2025-06-11,19398029515,Villeurbanne Course à pied,running,2025-06-11 10:21:41,75,12.3,120,147,630,9.85,15,,55
226,1,2025-08-20,20119407235,Musculation,strength_training,2025-08-20 13:26:55,38.4,0,84,118,146,,,,
227,2,2025-06-15,19443406629,Villeurbanne Course à pied,running,2025-06-15 17:01:49,35.9,5.06,113,130,270,8.45,49,,
228,1,2025-08-21,20133090838,Villeurbanne Course à pied,running,2025-08-21 18:08:30,32.1,4.61,140,167,353,8.6,48,,44
229,2,2025-06-18,19468948503,Villeurbanne Course à pied,running,2025-06-18 10:56:33,39.5,6.39,117,138,329,9.69,45,,55
230,1,2025-08-24,20158942967,Villeurbanne Course à pied,running,2025-08-24 09:14:02,69.9,11.34,145,171,783,9.73,24,,44
231,2,2025-06-18,19467819748,Lyon Randonnée,hiking,2025-06-18 08:07:39,30.7,3.49,92,103,124,6.8,6,,
232,1,2025-08-26,20182804809,Musculation,strength_training,2025-08-26 13:55:09,27.6,0,88,120,118,,,,
233,1,2025-08-30,20222591330,Villeurbanne Course à pied,running,2025-08-30 09:51:32,68.4,10.18,141,163,748,8.94,23,,44
234,2,2025-06-25,19537797328,Villeurbanne Course à pied,running,2025-06-25 07:47:09,56.1,9.31,129,139,509,9.96,24,,55
235,1,2025-09-05,20287684047,Musculation,strength_training,2025-09-05 13:16:43,28.6,0,86,120,118,,,,
236,1,2025-09-07,20307424247,Villeurbanne Course à pied,running,2025-09-07 11:14:19,34.5,5.2,141,169,384,9.05,42,,45
237,2,2025-07-02,19606334245,Villeurbanne Course à pied,running,2025-07-02 06:31:00,61.2,10.11,127,137,539,9.92,17,,55
238,1,2025-09-09,20330079068,Musculation,strength_training,2025-09-09 13:27:17,31.1,0,95,135,163,,,,
239,2,2025-07-06,19647592318,Villeurbanne Course à pied,running,2025-07-06 11:00:42,58.4,10.16,128,146,533,10.44,15,,55
240,1,2025-09-14,20383175025,Villeurbanne Course à pied,running,2025-09-14 09:35:37,47.4,7.18,147,166,549,9.09,74,,45
241,1,2025-09-15,20391973817,Musculation,strength_training,2025-09-15 13:20:52,24,0,91,136,119,,,,
242,1,2025-09-16,20407329796,Nat. piscine,lap_swimming,2025-09-16 19:10:48,51.7,1.45,118,154,355,2.58,,,
243,2,2025-07-09,19682270675,Course en salle,indoor_running,2025-07-09 19:11:15,40.6,1.44,118,163,286,2.13,,,
244,1,2025-09-18,20423878306,Musculation,strength_training,2025-09-18 13:44:22,4.1,0,136,144,47,,,,
245,1,2025-09-18,20423877909,Vaulx-en-Velin Course à pied,running,2025-09-18 13:27:12,15.7,2.37,148,158,188,9.06,4,,44
246,1,2025-09-20,20443544314,Villeurbanne Course à pied,running,2025-09-20 09:02:33,67.4,10.61,158,183,846,9.44,25,,44
247,2,2025-07-14,19728165261,Biarritz Course à pied,running,2025-07-14 11:46:21,14.8,2.37,108,127,115,9.59,12,,
248,2,2025-07-14,19728164415,Bidart Course à pied,running,2025-07-14 10:39:48,65.8,7.76,105,138,428,7.08,157,,55
249,2,2025-07-16,19749699614,Arbonne Naviguer,other,2025-07-16 11:46:39,31.3,4.37,123,148,246,8.37,102,,
250,2,2025-07-16,19749697165,Bidart Course à pied,running,2025-07-16 10:31:34,65,10.05,126,147,555,9.28,197,,54
251,2,2025-07-18,19770106385,Bidart Course à pied,running,2025-07-18 10:38:31,60.5,8.01,110,135,442,7.93,74,,54
252,1,2025-09-28,20529493771,Villeurbanne Course à pied,running,2025-09-28 10:57:58,37.4,5.25,138,158,390,8.42,60,,44
253,2,2025-07-21,19799461122,Villeurbanne Course à pied,running,2025-07-21 09:14:56,41.4,5.95,105,119,299,8.63,43,,
254,1,2025-10-01,20559895677,Strasbourg Course à pied,running,2025-10-01 19:00:54,53.2,6.37,128,148,446,7.19,10,,44
255,2,2025-07-22,19809465435,Course à pied,running,2025-07-22 09:17:17,0,0,,,0,,0,,
256,1,2025-10-04,20584749364,Villeurbanne Course à pied,running,2025-10-04 10:57:20,68.1,9.98,139,159,733,8.79,25,,44
257,1,2025-10-04,20583279610,Nat. piscine,lap_swimming,2025-10-04 09:08:03,11.9,0,108,155,0,,,,
258,2,2025-07-24,19832981508,Plitvicka jezera Randonnée,hiking,2025-07-24 08:45:31,234.9,13.98,71,115,457,3.57,236,,
259,2,2025-07-25,19842686063,Plitvicka jezera Course à pied,running,2025-07-25 09:05:18,151.6,8.28,62,90,392,3.28,132,,
260,1,2025-10-07,20628293803,Nat. piscine,lap_swimming,2025-10-07 19:08:02,52.6,1.32,99,135,337,2.96,,,
261,2,2025-07-27,19867719215,Obrovac Randonnée,hiking,2025-07-27 17:23:02,40,5.05,82,105,125,7.58,312,,
262,1,2025-10-09,20636076529,Musculation,strength_training,2025-10-09 13:32:28,33.6,0,94,123,163,,,,
263,2,2025-07-27,19865114107,Obrovac Randonnée,hiking,2025-07-27 15:57:36,25.3,1.05,67,96,44,2.5,0,,
264,2,2025-07-28,19873482749,Starigrad Randonnée,hiking,2025-07-28 10:51:38,225.9,13,77,111,567,3.45,645,,
265,1,2025-10-12,20667795520,Villeurbanne Course à pied,running,2025-10-12 15:57:48,52.5,7.39,140,159,559,8.45,62,,44
266,1,2025-10-14,20690425042,Nat. piscine,lap_swimming,2025-10-14 19:08:01,52.8,0.7,99,162,155,2.38,,,
267,2,2025-08-03,19937259401,Split Randonnée,hiking,2025-08-03 14:17:33,115.5,5.01,68,113,203,2.6,140,,
268,1,2025-10-18,20726325948,Course à pied,running,2025-10-18 15:32:29,0.4,0.03,88,111,1,5.42,0,,
269,1,2025-10-22,20768014084,Course en salle,indoor_running,2025-10-22 19:03:33,60.5,1.28,94,126,294,1.27,,,
270,1,2025-10-23,20773975967,Musculation,strength_training,2025-10-23 13:27:44,23,0,99,134,129,,,,
271,1,2025-10-24,20790303098,Course en salle,indoor_running,2025-10-24 19:06:22,76,1.51,93,117,330,1.19,,,
272,2,2025-08-10,20015397545,Nat. piscine,lap_swimming,2025-08-10 17:49:06,29.2,0.85,88,120,118,2.63,,,
273,1,2025-11-02,20873371331,Villeurbanne Course à pied,running,2025-11-02 15:55:51,42.8,5.94,134,152,437,8.33,46,,45
274,1,2025-11-04,20892792044,Nat. piscine,lap_swimming,2025-11-04 19:08:54,48.6,1.1,105,150,266,2.5,,,
275,2,2025-08-21,20133794419,Villeurbanne Course à pied,running,2025-08-21 18:08:35,32.2,4.62,110,141,243,8.6,54,,54
276,1,2025-11-06,20909180057,Musculation,strength_training,2025-11-06 13:21:48,25.7,0,95,123,132,,,,
277,2,2025-08-22,20139153735,Villeurbanne Course à pied,running,2025-08-22 10:36:20,61.5,9.78,128,158,520,9.54,29,,53
278,1,2025-11-09,20939065013,Villeurbanne Course à pied,running,2025-11-09 09:29:06,68.8,10.77,148,176,802,9.39,31,,44
279,2,2025-08-24,20158960449,Villeurbanne Course à pied,running,2025-08-24 09:14:02,74.1,11.34,126,159,622,9.18,37,,53
280,1,2025-11-11,20959779461,Course à pied,running,2025-11-11 11:17:55,10.3,1.76,138,163,115,10.26,2,,
281,1,2025-11-11,20959778965,Villeurbanne Course à pied,running,2025-11-11 09:48:17,55.8,7.83,134,164,568,8.42,8,,44
282,1,2025-11-16,21009020138,Villeurbanne Course à pied,running,2025-11-16 16:04:42,34.7,5.75,147,163,411,9.95,21,,45
283,2,2025-08-30,20222553157,Villeurbanne Course à pied,running,2025-08-30 09:52:05,70.8,10.32,125,156,571,8.74,32,,53
284,1,2025-11-18,21026322458,Strasbourg Course à pied,running,2025-11-18 18:13:50,31.2,5.03,144,158,357,9.68,11,,44
285,2,2025-09-06,20297755123,Villeurbanne Course à pied,running,2025-09-06 09:58:22,60.7,9.18,120,145,485,9.07,40,,53
286,1,2025-11-25,21099172693,Nat. piscine,lap_swimming,2025-11-25 19:09:28,49.5,1.15,100,134,274,2.25,,,
287,2,2025-09-07,20307711497,Villeurbanne Course à pied,running,2025-09-07 11:14:24,35.2,4.77,109,137,253,8.12,52,,53
288,2,2025-09-09,20333158002,Villeurbanne Course à pied,running,2025-09-09 17:48:19,57.5,9.2,121,138,475,9.6,24,,53
289,2,2025-09-14,20382944123,Villeurbanne Course à pied,running,2025-09-14 09:35:41,47.7,7.16,127,151,398,9,50,,52
290,2,2025-09-16,20407245305,Nat. piscine,lap_swimming,2025-09-16 19:10:47,51,1.3,105,138,253,2.67,,,
291,1,2025-12-08,21201330901,Musculation,strength_training,2025-12-08 13:20:09,27.8,0,95,121,150,,,,
292,2,2025-09-17,20411808414,Villeurbanne Course à pied,running,2025-09-17 09:35:00,63.8,10.08,121,140,522,9.48,32,,52
293,1,2025-12-09,21213912264,Nat. piscine,lap_swimming,2025-12-09 19:08:19,52.5,1.35,101,147,345,3.39,,,
294,2,2025-09-20,20442481694,Villeurbanne Course à pied,running,2025-09-20 09:02:36,71.1,11.17,123,137,582,9.43,20,,52
295,1,2025-12-13,21247921492,Course en salle,indoor_running,2025-12-13 17:08:10,11.3,0,69,80,26,,,,
296,2,2025-09-21,20453201709,Villeurbanne Cyclisme,cycling,2025-09-21 09:45:41,81.4,24.23,88,122,271,17.86,50,,
297,1,2025-12-14,21257614494,Villeurbanne Course à pied,running,2025-12-14 15:39:48,54,7.79,144,161,633,8.65,56,,
298,2,2025-09-23,20478933433,Nat. piscine,lap_swimming,2025-09-23 19:09:56,51.6,1.32,105,149,264,2.82,,,
299,1,2025-12-16,21278272574,Nat. piscine,lap_swimming,2025-12-16 19:08:09,55.4,1.12,118,171,269,2.42,,,
300,2,2025-09-24,20486689396,Villeurbanne Course à pied,running,2025-09-24 14:50:22,63.4,10.16,119,141,509,9.62,28,,52
301,2,2025-09-28,20524191033,Villeurbanne Course à pied,running,2025-09-28 10:58:02,37.6,5.11,152,171,354,8.15,65,,52
302,2,2025-09-30,20544825136,Nat. piscine,lap_swimming,2025-09-30 12:18:38,34.4,1.05,117,136,220,1.85,,,
303,2,2025-10-01,20554248769,Villeurbanne Course à pied,running,2025-10-01 08:53:40,62.8,10.07,122,161,538,9.62,26,,52
304,1,2025-12-28,21375785456,Villeurbanne Course à pied,running,2025-12-28 16:19:26,48.9,6.95,134,155,520,8.53,53,,47
305,2,2025-10-04,20586341934,Villeurbanne Course à pied,running,2025-10-04 10:57:34,71.1,10.35,118,152,557,8.73,32,,52
306,2,2025-10-07,20618976076,Nat. piscine,lap_swimming,2025-10-07 19:07:44,57,1.62,96,158,263,3.14,,,
307,2,2025-10-08,20624148616,Villeurbanne Course à pied,running,2025-10-08 09:16:28,84.3,13.51,117,132,693,9.62,27,,52
308,2,2025-10-12,20667784661,Villeurbanne Course à pied,running,2025-10-12 15:58:07,52.7,7.3,113,139,388,8.32,72,,52
309,2,2025-10-14,20689207684,Nat. piscine,lap_swimming,2025-10-14 19:08:00,52.6,1,99,152,218,2.55,,,
310,2,2025-10-15,20694354170,Villeurbanne Course à pied,running,2025-10-15 09:47:52,65.1,10.75,120,138,553,9.91,38,,51
311,2,2025-10-18,20729980755,Villeurbanne Course à pied,running,2025-10-18 15:32:58,72.2,10.04,122,184,576,8.35,41,,51
312,2,2025-10-19,20738046651,Villeurbanne Randonnée,hiking,2025-10-19 15:20:58,130.8,10.53,74,104,282,4.83,59,,
313,2,2025-10-20,20745569422,Nat. piscine,lap_swimming,2025-10-20 15:37:04,32,1.55,100,121,186,2.91,,,
314,2,2025-10-20,20745315944,Nat. piscine,lap_swimming,2025-10-20 15:29:35,6,0.1,101,120,31,1,,,
315,2,2025-10-28,20820041228,Schwangau Randonnée,hiking,2025-10-28 11:45:14,13.8,0.55,75,100,34,2.39,53,,
316,2,2025-10-31,20849785547,Bad Wiessee Randonnée,hiking,2025-10-31 10:12:58,206.9,11.85,81,145,567,3.43,600,,
317,2,2025-11-02,20870972613,Villeurbanne Course à pied,running,2025-11-02 15:55:56,44.7,6.04,115,146,315,8.11,67,,51
318,2,2025-11-04,20892532352,Nat. piscine,lap_swimming,2025-11-04 19:34:27,24.7,0.35,101,138,91,2.11,,,
319,2,2025-11-05,20901064906,Villeurbanne Course à pied,running,2025-11-05 16:26:49,41.8,6.29,118,136,323,9.03,63,,51
320,2,2025-11-09,20936282689,Villeurbanne Course à pied,running,2025-11-09 09:29:12,69.5,10.81,115,129,530,9.33,46,,51
321,2,2025-11-11,20955323791,Lyon Course à pied,running,2025-11-11 09:48:17,72.2,11.07,112,125,561,9.2,58,,
322,2,2025-11-12,20967185152,Nat. piscine,lap_swimming,2025-11-12 12:20:34,33.2,1.4,105,121,170,2.53,,,
323,2,2025-11-16,21001947919,Villeurbanne Course à pied,running,2025-11-16 08:01:04,49.2,8.04,118,133,393,9.81,35,,
324,2,2025-11-18,21026607543,Nat. piscine,lap_swimming,2025-11-18 19:08:26,51.7,1.07,94,133,217,2.34,,,
325,2,2025-11-19,21034189199,Villeurbanne Course à pied,running,2025-11-19 14:51:55,63.7,10.11,120,154,516,9.53,53,,51
326,2,2025-11-23,21070918127,Villeurbanne Course à pied,running,2025-11-23 16:05:03,48.7,7.29,113,134,368,8.98,72,,51
327,2,2025-11-25,21089769886,Nat. piscine,lap_swimming,2025-11-25 19:08:56,51.7,1.38,99,134,237,2.49,,,
328,2,2025-11-26,21097396694,Villeurbanne Course à pied,running,2025-11-26 16:06:41,53.1,8.25,128,149,451,9.31,50,,50
329,2,2025-12-02,21151787022,Nat. piscine,lap_swimming,2025-12-02 19:09:33,49.5,0.85,98,135,201,2.28,,,
330,2,2025-12-09,21213717406,Nat. piscine,lap_swimming,2025-12-09 19:31:24,30.2,0.7,88,127,100,3.86,,,
331,2,2025-12-14,21256422787,Villeurbanne Course à pied,running,2025-12-14 15:39:54,56.1,8.03,150,179,502,8.6,63,,49
332,2,2025-12-16,21274839600,Nat. piscine,lap_swimming,2025-12-16 19:08:07,51.8,1.05,88,124,172,2.4,,,
333,2,2025-12-20,21303889664,Nat. piscine,lap_swimming,2025-12-20 10:17:09,16,0.57,100,136,85,3.59,,,
334,2,2025-12-21,21315941753,Hauteville-Lompnes Randonnée,hiking,2025-12-21 13:28:40,169.4,7.58,80,129,425,2.69,208,,
335,2,2025-12-22,21325971295,Haut Valromey Randonnée,hiking,2025-12-22 11:26:50,203.1,10.19,70,101,360,3.01,279,,
336,2,2025-12-28,21376415879,Villeurbanne Course à pied,running,2025-12-28 16:19:12,49.8,6.96,120,161,383,8.39,77,,49
337,2,2025-12-30,21394368902,Villeurbanne Course à pied,running,2025-12-30 16:14:53,60.8,9.2,119,144,470,9.08,32,,49
338,1,2024-01-01,13313764515,Beaune-sur-Arzon Course à pied,running,2024-01-01 11:04:37,50.3,7.04,158,188,654,8.4,180,,44
339,2,2024-01-01,13313682255,Beaune-sur-Arzon Course à pied,running,2024-01-01 11:04:53,74.2,10.94,157,179,626,8.85,178,,43
340,1,2024-01-04,13402521269,Saint-Jorioz Marche à pied,walking,2024-01-04 11:39:10,57.1,3.55,105,140,335,3.74,218,,45
341,2,2024-01-04,13357335384,Saint-Jorioz Marche à pied,walking,2024-01-04 11:30:23,216.4,12.45,94,140,769,3.45,461,,44
342,1,2024-01-07,13402525513,Villeurbanne Course à pied,running,2024-01-07 15:16:12,56.3,8.91,145,174,643,9.49,14,,45
343,2,2024-01-07,13401854678,Villeurbanne Course à pied,running,2024-01-07 15:16:14,52.7,8.46,143,163,367,9.63,19,,43
344,1,2024-01-13,13481435303,En piscine,lap_swimming,2024-01-13 08:08:38,52.7,0.88,115,171,198,2.44,,,
345,2,2024-01-13,13481493929,En piscine,lap_swimming,2024-01-13 08:09:29,52,1.18,,,195,2.55,,,
346,2,2024-01-19,13576521532,Course en salle,indoor_running,2024-01-19 19:33:33,58.3,0.99,79,143,148,1.02,,,
347,1,2024-01-20,13605254430,En piscine,lap_swimming,2024-01-20 08:06:45,53.2,1.32,119,152,335,3,,,
348,2,2024-01-20,13581470363,En piscine,lap_swimming,2024-01-20 08:05:52,57.3,1.68,,,310,3.1,,,
349,1,2024-01-21,13605257330,Villeurbanne Course à pied,running,2024-01-21 17:27:02,53.9,9.29,163,189,739,10.34,12,,46
350,2,2024-01-23,13632117277,Villeurbanne Course à pied,running,2024-01-23 17:23:16,50.5,7.84,147,165,392,9.32,15,,43
351,1,2024-01-27,13691355199,Cyclisme,cycling,2024-01-27 08:08:38,56.1,0,115,155,410,,0,,
352,1,2024-01-28,13707891640,Villeurbanne Course à pied,running,2024-01-28 16:26:47,55.5,9.28,151,169,677,10.03,20,,46
353,2,2024-02-02,13784535982,Course en salle,indoor_running,2024-02-02 19:23:22,48.4,0.01,79,126,109,0.01,,,
354,2,2024-02-03,13791751087,En piscine,lap_swimming,2024-02-03 08:05:19,53.4,1.25,,,229,2.85,,,
355,2,2024-02-04,13813380121,Villeurbanne Course à pied,running,2024-02-04 15:39:44,47.9,7.23,147,183,375,9.05,6,,43
356,1,2024-02-02,13784706288,Course en salle,indoor_running,2024-02-02 19:22:55,64.7,0.03,90,133,285,0.03,,,
357,1,2024-02-03,13814045228,En piscine,lap_swimming,2024-02-03 08:05:24,53.6,1.02,107,157,264,2.42,,,
358,2,2024-02-07,13856473622,Villeurbanne Course à pied,running,2024-02-07 14:25:46,60,9.54,152,170,483,9.54,13,,43
359,1,2024-02-04,13814050029,Villeurbanne Course à pied,running,2024-02-04 15:39:43,54,7.98,133,161,535,8.87,9,,46
360,2,2024-02-10,13895668537,En piscine,lap_swimming,2024-02-10 08:08:41,49.3,1.25,,,222,2.8,,,
361,2,2024-02-11,13918168855,Villeurbanne Course à pied,running,2024-02-11 16:33:35,56.9,9.25,149,173,435,9.76,23,,43
362,1,2024-02-11,13917592240,Villeurbanne Course à pied,running,2024-02-11 16:33:43,57.5,9.5,150,176,715,9.92,42,,46
363,2,2024-02-16,13999256366,Course en salle,indoor_running,2024-02-16 19:49:49,43.3,1,72,115,75,1.38,,,
364,1,2024-02-11,13911138675,En piscine,lap_swimming,2024-02-11 10:35:45,47.5,1.02,133,174,237,2.22,,,
365,2,2024-02-17,13999258181,En piscine,lap_swimming,2024-02-17 08:05:33,54.7,1.07,,,197,2.53,,,
366,2,2024-02-19,14040095087,En piscine,lap_swimming,2024-02-19 21:23:42,0.4,0,,,0,,,,
367,2,2024-02-19,14037752136,Villeurbanne Course à pied,running,2024-02-19 17:58:10,49.6,7.84,149,163,392,9.48,16,,43
368,1,2024-02-16,14152268283,Course en salle,indoor_running,2024-02-16 19:25:47,53.2,0.01,100,126,290,0.01,,,
369,2,2024-02-23,14099252831,En piscine,lap_swimming,2024-02-23 20:33:16,0,0,,,0,,,,
370,2,2024-02-23,14097948305,Villeurbanne Course à pied,running,2024-02-23 17:30:08,52.8,8.47,149,166,417,9.62,0,,43
371,1,2024-02-17,14152269854,En piscine,lap_swimming,2024-02-17 08:22:21,39.5,0.7,118,169,168,2.35,,,
372,1,2024-02-17,14152268673,Course en salle,indoor_running,2024-02-17 08:06:48,15.4,0.09,114,140,127,0.35,,,
373,2,2024-02-24,14115770131,Bourg-Saint-Maurice Ski en station,resort_skiing,2024-02-24 16:18:41,25.5,10.52,89,105,66,24.78,0,,
374,2,2024-02-25,14128668980,Landry Ski en station,resort_skiing,2024-02-25 09:40:39,92.5,37.25,80,127,205,24.15,0,,
375,2,2024-02-26,14142449682,Bourg-Saint-Maurice Ski en station,resort_skiing,2024-02-26 10:20:00,98.9,34.57,84,117,242,20.96,0,,
376,2,2024-02-27,14157438526,Bourg-Saint-Maurice Ski en station,resort_skiing,2024-02-27 10:17:36,90.1,37,75,97,161,24.63,0,,
377,2,2024-02-28,14173274165,Landry Ski en station,resort_skiing,2024-02-28 10:31:11,89.9,34.55,83,114,211,23.05,0,,
378,2,2024-02-29,14188214252,Bourg-Saint-Maurice Ski en station,resort_skiing,2024-02-29 09:24:13,92.7,35.95,96,133,307,23.27,0,,
379,2,2024-03-01,14285117244,Bourg-Saint-Maurice Ski en station,resort_skiing,2024-03-01 13:01:30,22.9,6.34,72,97,40,16.64,0,,
380,1,2024-02-28,14182375694,Landry Ski en station,resort_skiing,2024-02-28 10:50:47,69.8,25.95,88,112,288,22.3,0,,
381,2,2024-03-09,14320232500,En piscine,lap_swimming,2024-03-09 08:06:03,53,1.45,,,254,2.48,,,
382,2,2024-03-10,14345860498,Villeurbanne Course à pied,running,2024-03-10 16:46:09,53.1,8.37,145,163,403,9.46,6,,43
383,2,2024-03-13,14388876680,Villeurbanne Course à pied,running,2024-03-13 14:39:35,81.9,12.7,148,168,611,9.31,113,,43
384,2,2024-03-15,14424797384,Course en salle,indoor_running,2024-03-15 19:23:38,63,0.88,70,130,108,0.84,,,
385,2,2024-03-16,14433639102,En piscine,lap_swimming,2024-03-16 08:06:08,57.9,1.18,,,205,2.75,,,
386,2,2024-03-16,14433636945,En piscine,lap_swimming,2024-03-16 07:48:31,0,0,,,0,,,,
387,1,2024-03-09,14323458423,En piscine,lap_swimming,2024-03-09 08:06:29,55.5,1.2,133,172,311,2.18,,,
388,2,2024-03-17,14455890466,Course à pied,running,2024-03-17 17:21:39,48.5,6.95,132,158,319,8.6,155,,
389,1,2024-03-10,14384199231,Villeurbanne Course à pied,running,2024-03-10 16:45:20,57.9,8.94,149,180,690,9.26,17,,45
390,2,2024-03-20,14502907172,En piscine,lap_swimming,2024-03-20 17:17:54,0,0,,,0,,,,
391,2,2024-03-20,14499261187,Villeurbanne Course à pied,running,2024-03-20 13:58:12,52.9,8.16,146,166,389,9.27,30,,43
392,2,2024-03-24,14564405745,Villeurbanne Course à pied,running,2024-03-24 17:24:14,45.3,7.24,149,164,361,9.58,10,,43
393,1,2024-03-16,14454970501,En piscine,lap_swimming,2024-03-16 08:06:44,17.9,0.55,118,147,121,2.46,,,
394,2,2024-03-28,14623943494,Villeurbanne Course à pied,running,2024-03-28 17:46:21,41.3,6.27,140,160,295,9.1,36,,43
395,2,2024-03-30,14645767158,En piscine,lap_swimming,2024-03-30 08:05:17,52.4,1.12,,,204,2.55,,,
396,2,2024-03-31,14672502593,En piscine,lap_swimming,2024-03-31 16:12:24,0,0,,,0,,,,
397,2,2024-04-01,14680569424,Villeurbanne Course à pied,running,2024-04-01 11:36:37,55,8.48,153,179,442,9.25,35,,43
398,1,2024-03-24,14580005005,Villeurbanne Course à pied,running,2024-03-24 17:22:57,52,7.98,143,172,580,9.22,20,,45
399,2,2024-04-05,14756420558,Course en salle,indoor_running,2024-04-05 19:44:20,36.5,0.34,89,118,105,0.56,,,
400,2,2024-04-06,14756426430,Nat. piscine,lap_swimming,2024-04-06 08:07:12,55.1,1.25,,,213,2.44,,,
401,2,2024-04-07,14783171622,Villeurbanne Course à pied,running,2024-04-07 16:28:09,50.4,7.88,149,165,396,9.38,15,,43
402,1,2024-03-30,14684007861,En piscine,lap_swimming,2024-03-30 08:05:37,52,1.12,124,172,289,2.39,,,
403,2,2024-04-10,14828069966,Villeurbanne Course à pied,running,2024-04-10 13:40:31,53.9,8.89,152,178,425,9.89,5,,43
404,2,2024-04-13,14872301612,Nat. piscine,lap_swimming,2024-04-13 08:06:07,67.9,1.5,,,261,2.53,,,
405,2,2024-04-14,14892237013,Villeurbanne Course à pied,running,2024-04-14 10:02:57,55.3,10.01,153,167,447,10.86,16,,43
406,2,2024-04-15,14914644286,Lyon Marche à pied,walking,2024-04-15 14:00:26,215.4,13.65,67,121,397,3.8,174,,43
407,1,2024-04-05,14760045083,Course en salle,indoor_running,2024-04-05 19:25:28,46,0,86,111,181,,,,
408,1,2024-04-06,14760047493,Nat. piscine,lap_swimming,2024-04-06 08:07:29,54.5,1.27,132,201,306,2.57,,,
409,2,2024-04-19,14979407865,Course en salle,indoor_running,2024-04-19 19:24:10,51.5,0.04,72,119,92,0.04,,,
410,2,2024-04-19,14976864214,Villeurbanne Course à pied,running,2024-04-19 15:55:37,56.4,9,140,168,397,9.57,11,,43
411,1,2024-04-07,14930311655,Villeurbanne Course à pied,running,2024-04-07 16:28:07,58.1,8.74,145,169,653,9.03,27,,45
412,2,2024-04-21,15004348520,Villeurbanne Course à pied,running,2024-04-21 11:19:22,45.2,7.53,148,175,359,9.98,9,,44
413,2,2024-04-22,15024039121,Nat. piscine,lap_swimming,2024-04-22 17:00:35,48.6,2,,,348,2.5,,,
414,2,2024-04-24,15053322322,Vignieu Marche à pied,walking,2024-04-24 10:58:46,172.6,14.04,80,137,691,4.88,219,,45
415,2,2024-04-25,15071454602,Nat. piscine,lap_swimming,2024-04-25 15:48:37,42.2,1.12,,,193,2.97,,,
416,1,2024-04-13,14930313543,Nat. piscine,lap_swimming,2024-04-13 08:06:44,40.1,0.5,118,158,146,2.22,,,
417,2,2024-04-27,15104288601,Lyon Course à pied,running,2024-04-27 16:51:18,45.8,8.15,137,162,339,10.67,26,,44
418,2,2024-04-29,15140332303,Villeurbanne Course à pied,running,2024-04-29 18:19:01,40.2,7.25,154,172,349,10.82,19,,44
419,2,2024-05-01,15174013746,Villeurbanne Course à pied,running,2024-05-01 17:22:25,48.8,7.68,123,161,283,9.44,77,,45
420,1,2024-04-18,14963928301,Villeurbanne Course à pied,running,2024-04-18 18:30:52,50.3,8.6,157,185,654,10.26,13,,45
421,2,2024-05-04,15214205723,Nat. piscine,lap_swimming,2024-05-04 08:03:11,70.1,1.93,,,345,2.71,,,
422,1,2024-04-20,14994814555,Villeurbanne Course à pied,running,2024-04-20 18:15:29,62.8,9.46,159,184,790,9.04,13,,45
423,2,2024-05-05,15242103698,Villeurbanne Course à pied,running,2024-05-05 17:47:16,38.6,6.07,140,157,295,9.44,97,,45
424,1,2024-04-21,15004194699,Villeurbanne Course à pied,running,2024-04-21 11:19:23,59.1,9.2,153,183,713,9.34,55,,45
425,2,2024-05-08,15281990276,Villeurbanne Course à pied,running,2024-05-08 09:00:37,54,9.14,152,171,443,10.16,27,,45
426,2,2024-05-09,15309577862,Villeurbanne Marche à pied,walking,2024-05-09 17:03:37,71.7,5.27,90,114,239,4.41,38,,44
427,2,2024-05-10,15325412302,Villeurbanne Course à pied,running,2024-05-10 09:29:59,48,8.27,149,177,389,10.33,20,,45
428,2,2024-05-11,15345669376,Beaune-sur-Arzon Marche à pied,walking,2024-05-11 17:17:02,110.4,5.92,75,115,275,3.22,127,,45
429,2,2024-05-12,15351101196,Beaune-sur-Arzon Course à pied,running,2024-05-12 09:32:53,53.4,7.91,145,167,423,8.89,155,,45
430,1,2024-04-27,15104260116,Villeurbanne Course à pied,running,2024-04-27 16:51:15,49,8.32,150,187,600,10.19,13,,46
431,2,2024-05-18,15448721443,Nat. piscine,lap_swimming,2024-05-18 08:04:50,75.7,1.12,,,182,2.48,,,
432,2,2024-05-20,15490970518,Nat. piscine,lap_swimming,2024-05-20 17:17:45,0.1,0,,,0,,,,
433,2,2024-05-20,15486119161,Villeurbanne Course à pied,running,2024-05-20 11:07:38,63,10.18,141,166,427,9.69,378,,45
434,1,2024-05-04,15214089293,Nat. piscine,lap_swimming,2024-05-04 08:08:59,56.2,1.25,119,184,266,2.13,,,
435,2,2024-05-22,15523243253,Villeurbanne Course à pied,running,2024-05-22 14:48:28,51.9,8.11,145,167,404,9.39,13,,44
436,1,2024-05-05,15241857411,Villeurbanne Course à pied,running,2024-05-05 17:47:12,44.4,6.77,139,163,493,9.14,16,,46
437,2,2024-05-24,15560879284,Course en salle,indoor_running,2024-05-24 19:45:34,32.6,0.02,99,142,128,0.04,,,
438,2,2024-05-25,15569081974,Nat. piscine,lap_swimming,2024-05-25 08:05:13,54.4,1.9,,,349,2.73,,,
439,1,2024-05-08,15282033382,Villeurbanne Course à pied,running,2024-05-08 09:00:35,64.2,9.93,140,174,709,9.28,28,,46
440,2,2024-05-26,15584625306,Villeurbanne Course à pied,running,2024-05-26 10:16:27,52.5,8.69,152,167,439,9.94,253,,44
441,1,2024-05-10,15317012834,Villeurbanne Course à pied,running,2024-05-10 09:54:48,25,4.01,145,159,306,9.62,20,,46
442,1,2024-05-10,15317011037,Nat. piscine,lap_swimming,2024-05-10 09:29:55,24.2,0.2,100,145,37,1.45,,,
443,2,2024-05-29,15640579945,Villeurbanne Course à pied,running,2024-05-29 16:21:24,49.6,8.14,119,134,285,9.84,481,,45
444,1,2024-05-12,15353077183,Beaune-sur-Arzon Course à pied,running,2024-05-12 09:32:56,59.3,8.43,149,180,710,8.54,182,,45
445,2,2024-05-31,15677085011,Course en salle,indoor_running,2024-05-31 19:26:20,67.2,1.15,76,99,136,1.03,,,
446,2,2024-06-05,15751023632,Villeurbanne Course à pied,running,2024-06-05 08:32:26,58.4,9.75,138,167,393,10.02,443,,
447,1,2024-05-18,15448370392,Nat. piscine,lap_swimming,2024-05-18 08:08:37,57.1,0.03,103,145,1,0.03,,,
448,2,2024-06-07,15795265620,Course en salle,indoor_running,2024-06-07 19:52:50,28.7,0.2,96,144,104,0.42,,,
449,1,2024-05-20,15485901186,Villeurbanne Course à pied,running,2024-05-20 11:07:34,80.1,11.86,140,173,849,8.89,33,,45
450,2,2024-06-09,15842887791,Nat. piscine,lap_swimming,2024-06-09 10:35:20,33.8,1.15,,,192,2.83,,,
451,2,2024-06-09,15842884197,Nat. piscine,lap_swimming,2024-06-09 08:54:24,0,0,,,0,,,,
452,2,2024-06-10,15842949320,Villeurbanne Course à pied,running,2024-06-10 18:03:56,53.4,8.32,149,168,439,9.35,636,,45
453,2,2024-06-12,15874365361,Villeurbanne Course à pied,running,2024-06-12 15:01:32,54.4,8.71,146,165,433,9.6,723,,45
454,1,2024-05-24,15560576492,Course en salle,indoor_running,2024-05-24 19:25:02,108.4,1.28,89,128,448,0.71,,,
455,1,2024-05-25,15565920672,Nat. piscine,lap_swimming,2024-05-25 08:05:25,57.7,1.62,122,157,395,2.38,,,
456,1,2024-05-26,15584569870,Villeurbanne Course à pied,running,2024-05-26 10:16:28,57.8,9.4,149,176,693,9.77,22,,46
457,2,2024-06-22,16041669043,Nat. piscine,lap_swimming,2024-06-22 16:25:02,43.2,1.1,,,199,2.85,,,
458,2,2024-06-23,16053457502,Villeurbanne Course à pied,running,2024-06-23 10:39:17,83.7,13.95,149,168,666,10,644,,45
459,2,2024-06-26,16102716161,Villeurbanne Course à pied,running,2024-06-26 08:10:45,57.5,9.54,146,166,459,9.96,7,,45
460,2,2024-06-28,16145827866,Course en salle,indoor_running,2024-06-28 20:09:32,19.3,0.84,90,103,62,2.61,,,
461,2,2024-06-30,16170065208,Lyon Course à pied,running,2024-06-30 10:32:26,35.7,5.63,154,170,297,9.47,173,,45
462,2,2024-07-06,16266554923,Villeurbanne Course à pied,running,2024-07-06 08:31:13,58.3,9.53,150,164,469,9.81,5,,44
463,2,2024-07-06,16266527069,Nat. piscine,lap_swimming,2024-07-06 08:28:10,0,0,,,0,,,,
464,2,2024-07-07,16284447619,Nat. piscine,lap_swimming,2024-07-07 10:39:12,54.7,1.45,,,230,2.4,,,
465,2,2024-07-08,16301740280,Villeurbanne Course à pied,running,2024-07-08 10:36:51,76.1,12.35,142,165,567,9.75,26,,44
466,2,2024-07-09,16319095032,Nat. piscine,lap_swimming,2024-07-09 10:42:44,48,1.05,,,176,2.25,,,
467,2,2024-07-10,16344270234,Course en salle,indoor_running,2024-07-10 19:04:21,37.3,0.11,96,137,137,0.18,,,
468,2,2024-07-11,16357635352,Villeurbanne Marche à pied,walking,2024-07-11 11:48:48,46.3,4.61,87,101,213,5.98,406,,45
469,2,2024-07-13,16391082262,Aime-la-Plagne Marche à pied,walking,2024-07-13 13:14:53,130.5,7.07,70,104,341,3.25,298,,44
470,2,2024-07-13,16391044968,La Plagne Tarentaise Marche à pied,walking,2024-07-13 10:06:28,62.4,2.52,70,132,156,2.42,300,,
471,2,2024-07-14,16407110506,La Plagne Tarentaise Marche à pied,walking,2024-07-14 13:11:34,135.1,6.12,68,132,316,2.72,118,,
472,2,2024-07-14,16407088342,La Plagne Tarentaise Marche à pied,walking,2024-07-14 10:01:46,141.8,6.47,81,132,488,2.74,725,,44
473,1,2024-06-22,16041956358,Nat. piscine,lap_swimming,2024-06-22 16:23:33,43.8,1.02,121,156,222,2.23,,,
474,2,2024-07-14,16407065782,Nat. piscine,lap_swimming,2024-07-14 10:01:30,0,0,,,0,,,,
475,2,2024-07-16,16436821711,Villeurbanne Course à pied,running,2024-07-16 10:55:35,54.3,8.85,123,139,321,9.77,93,,45
476,2,2024-07-17,16462685172,Course en salle,indoor_running,2024-07-17 19:13:57,34.9,0.29,115,156,191,0.5,,,
477,2,2024-07-22,16549422193,County Wicklow Marche à pied,walking,2024-07-22 11:51:45,57.4,3.42,74,104,166,3.58,37,,45
478,1,2024-06-30,16169939630,Villeurbanne Course à pied,running,2024-06-30 10:32:14,67.1,10.81,146,182,805,9.67,36,,46
479,2,2024-07-23,16558901165,County Kerry Marche à pied,walking,2024-07-23 13:08:56,27.3,1.82,77,94,92,3.99,22,,45
480,2,2024-07-23,16556242960,County Kerry Marche à pied,walking,2024-07-23 10:13:36,40.2,2.12,88,123,128,3.16,91,,45
481,2,2024-07-25,16585875226,County Cork Marche à pied,walking,2024-07-25 11:17:20,60.4,3.82,74,106,199,3.8,95,,45
482,2,2024-07-28,16611844020,County Clare Marche à pied,walking,2024-07-28 09:41:46,199.1,13.81,72,118,429,4.16,288,,45
483,1,2024-07-07,16284306642,Nat. piscine,lap_swimming,2024-07-07 10:39:15,50,1.23,113,143,278,2.21,,,
484,2,2024-07-30,16629995169,County Galway Marche à pied,walking,2024-07-30 09:45:00,114.8,7.11,90,135,448,3.72,339,,44
485,2,2024-07-31,16639222453,County Donegal Marche à pied,walking,2024-07-31 14:18:15,98,8.02,80,116,380,4.91,114,,44
486,2,2024-08-01,16648670220,County Antrim Marche à pied,walking,2024-08-01 15:17:28,39.8,1.46,91,128,117,2.2,35,,45
487,2,2024-08-01,16648664092,County Antrim Marche à pied,walking,2024-08-01 10:39:33,119.7,6.36,76,110,281,3.19,185,,45
488,2,2024-08-02,16654925057,County Donegal Marche à pied,walking,2024-08-02 11:35:07,94.9,6.17,81,118,348,3.9,340,,45
489,2,2024-08-03,16662943959,County Antrim Marche à pied,walking,2024-08-03 11:46:00,56.3,3.06,101,124,190,3.27,383,,44
490,2,2024-08-09,16714596047,Longeville-sur-Mer Course à pied,running,2024-08-09 08:50:36,58.5,8.7,142,160,440,8.92,319,,44
491,2,2024-08-10,16725496019,Nat. piscine,lap_swimming,2024-08-10 15:11:51,22.3,1.15,,,213,3.33,,,
492,2,2024-08-11,16749092474,Nat. piscine,lap_swimming,2024-08-11 23:22:09,0,0,,,0,,,,
493,2,2024-08-11,16731338005,Longeville-sur-Mer Course à pied,running,2024-08-11 08:46:38,73.3,10.93,130,155,488,8.95,733,,45
494,2,2024-08-13,16750370218,Longeville-sur-Mer Course à pied,running,2024-08-13 10:12:21,73.5,11.29,149,170,583,9.22,672,,44
495,2,2024-08-16,16776856826,Longeville-sur-Mer Course à pied,running,2024-08-16 10:10:03,55.2,8.07,122,147,346,8.78,429,,45
496,2,2024-08-20,16810709966,Villeurbanne Course à pied,running,2024-08-20 09:16:25,58.8,9.44,123,137,354,9.63,502,,46
497,2,2024-08-31,16907903893,Nat. piscine,lap_swimming,2024-08-31 11:45:28,0,0,,,0,,,,
498,2,2024-08-31,16907532691,Villeurbanne Course à pied,running,2024-08-31 09:43:53,58.2,9.46,132,155,399,9.75,622,,47
499,1,2024-08-09,16714735632,Longeville-sur-Mer Course à pied,running,2024-08-09 08:50:34,63.9,9.11,144,181,749,8.56,52,,47
500,2,2024-09-01,16920695853,Nat. piscine,lap_swimming,2024-09-01 16:48:00,52.2,1.4,,,257,2.66,,,
501,1,2024-08-10,16725979610,Longeville-sur-Mer Course à pied,running,2024-08-10 16:30:03,12.2,1.1,91,107,66,5.4,0,,
502,1,2024-08-11,16741838201,Longeville-sur-Mer Course à pied,running,2024-08-11 08:57:43,10.6,1.74,143,159,129,9.86,15,,46
503,2,2024-09-04,16943808976,Villeurbanne Course à pied,running,2024-09-04 09:33:48,55.5,9.32,139,165,415,10.08,654,,46
504,1,2024-08-13,16750040574,Longeville-sur-Mer Course à pied,running,2024-08-13 10:12:19,78.7,12.16,151,180,969,9.28,72,,46
505,2,2024-09-08,16979576584,Villeurbanne Course à pied,running,2024-09-08 11:19:39,50.4,8.27,147,164,425,9.85,462,,46
506,1,2024-08-16,16776834502,Longeville-sur-Mer Course à pied,running,2024-08-16 10:10:00,59.2,8.71,141,168,661,8.82,66,,45
507,2,2024-09-10,17000880409,Villeurbanne Course à pied,running,2024-09-10 18:01:21,50.4,8.67,147,166,406,10.33,556,,46
508,1,2024-08-21,16825194062,Villeurbanne Course à pied,running,2024-08-21 20:10:33,18,3.06,150,180,225,10.24,6,,45
509,2,2024-09-15,17038932536,Villeurbanne Course à pied,running,2024-09-15 10:57:26,49.2,8.36,142,166,394,10.21,371,,46
510,1,2024-08-21,16825191287,Villeurbanne Course à pied,running,2024-08-21 19:14:41,51,7.18,133,157,516,8.45,15,,45
511,2,2024-09-18,17068789509,Villeurbanne Course à pied,running,2024-09-18 18:11:48,35.9,5.5,145,165,286,9.19,261,,46
512,2,2024-09-21,17089562390,Nat. piscine,lap_swimming,2024-09-21 08:10:35,49.3,1.07,,,188,2.66,,,
513,2,2024-09-22,17102729677,Villeurbanne Course à pied,running,2024-09-22 16:14:02,49.4,8.31,140,165,383,10.08,613,,46
514,2,2024-09-25,17127189674,Villeurbanne Course à pied,running,2024-09-25 14:42:02,59.4,9.54,133,161,389,9.64,1593,,46
515,1,2024-08-31,16907486236,Villeurbanne Course à pied,running,2024-08-31 09:43:35,66.6,10.59,152,187,810,9.53,29,,45
516,2,2024-09-27,17144928654,Course en salle,indoor_running,2024-09-27 19:29:03,56.7,0.2,72,116,104,0.22,,,
517,2,2024-09-28,17147804276,Nat. piscine,lap_swimming,2024-09-28 08:05:30,52.2,1.35,,,231,2.61,,,
518,2,2024-09-29,17160240972,Villeurbanne Course à pied,running,2024-09-29 15:09:08,55.7,8.92,149,164,474,9.61,780,,46
519,2,2024-10-02,17184530360,Villeurbanne Course à pied,running,2024-10-02 14:42:22,55.8,8.99,152,167,483,9.67,597,,46
520,1,2024-09-08,16979438835,Villeurbanne Course à pied,running,2024-09-08 11:19:35,57.9,8.65,141,173,629,8.97,38,,45
521,2,2024-10-05,17215152552,Nat. piscine,lap_swimming,2024-10-05 08:05:04,52.8,0.85,,,159,2.55,,,
522,2,2024-10-06,17215489606,Lyon Course à pied,running,2024-10-06 10:13:58,44.6,6.94,155,169,393,9.33,526,,
523,2,2024-10-07,17227098703,Nat. piscine,lap_swimming,2024-10-07 18:06:56,30.1,1.32,,,230,3.02,,,
524,2,2024-10-08,17240076665,Nat. piscine,lap_swimming,2024-10-08 20:55:23,0,0,,,0,,,,
525,2,2024-10-09,17242829673,Villeurbanne Course à pied,running,2024-10-09 15:41:10,41.3,6.69,143,170,332,9.73,400,,46
526,1,2024-09-15,17042721006,Villeurbanne Course à pied,running,2024-09-15 10:57:24,58.8,9.26,151,183,703,9.44,16,,45
527,2,2024-10-12,17264478413,Nat. piscine,lap_swimming,2024-10-12 08:09:04,52.1,1.25,,,214,2.11,,,
528,2,2024-10-13,17276215224,Villeurbanne Course à pied,running,2024-10-13 15:59:14,54.9,8.61,148,163,453,9.4,635,,45
529,2,2024-10-16,17301201525,Villeurbanne Course à pied,running,2024-10-16 17:19:10,55.8,8.61,150,171,464,9.26,783,,45
530,1,2024-09-21,17090845920,Nat. piscine,lap_swimming,2024-09-21 08:10:42,242.4,1.35,84,161,305,0.03,,,
531,2,2024-10-19,17325562173,Nat. piscine,lap_swimming,2024-10-19 15:36:11,53.5,1.32,,,218,2.66,,,
532,1,2024-09-22,17102730460,Villeurbanne Course à pied,running,2024-09-22 16:14:01,51.9,8.91,153,185,648,10.3,12,,45
533,2,2024-10-20,17335227670,Gresse-en-Vercors Marche à pied,walking,2024-10-20 11:48:57,399.2,24.08,112,153,1723,3.62,2811,,44
534,2,2024-10-21,17343093343,Nat. piscine,lap_swimming,2024-10-21 21:22:07,0.8,0,,,0,,,,
535,2,2024-10-21,17343092964,Course en salle,indoor_running,2024-10-21 18:52:57,35.3,0,69,102,9,,,,
536,2,2024-10-23,17359503807,Course en salle,indoor_running,2024-10-23 19:25:44,23.2,0.33,82,111,59,0.85,,,
537,1,2024-09-27,17142001380,Vaulx-en-Velin Course à pied,running,2024-09-27 12:53:30,34.1,5.81,153,180,427,10.22,4,,45
538,1,2024-09-28,17147813770,Nat. piscine,lap_swimming,2024-09-28 08:05:46,54.7,1.1,113,160,264,2.34,,,
539,2,2024-10-28,17400725440,Course en salle,indoor_running,2024-10-28 18:34:50,58.9,0.71,86,134,159,0.72,,,
540,2,2024-10-28,17396853250,Villeurbanne Course à pied,running,2024-10-28 09:54:52,55.9,8.7,149,171,467,9.34,908,,45
541,1,2024-09-29,17160224820,Villeurbanne Course à pied,running,2024-09-29 15:09:00,65.5,10.03,143,183,731,9.2,22,,45
542,2,2024-10-29,17407462660,Villeurbanne Course à pied,running,2024-10-29 14:35:16,76.2,12.98,130,147,494,10.23,687,,47
543,2,2024-10-30,17417825261,Course en salle,indoor_running,2024-10-30 19:21:53,25.5,0.3,111,148,141,0.71,,,
544,2,2024-10-30,17416317793,Lyon Marche à pied,walking,2024-10-30 15:02:42,22.2,1.86,94,107,95,5.02,247,,46
545,2,2024-11-03,17446577406,Villeurbanne Course à pied,running,2024-11-03 11:32:46,57.8,9.17,144,179,473,9.52,639,,47
546,1,2024-10-05,17205753707,Nat. piscine,lap_swimming,2024-10-05 08:05:36,52.6,1,110,167,243,2.25,,,
547,1,2024-10-06,17215154770,Villeurbanne Course à pied,running,2024-10-06 10:13:56,48,7.3,141,170,535,9.12,65,,46
548,2,2024-11-09,17493237368,Nat. piscine,lap_swimming,2024-11-09 08:11:12,49.2,1.35,,,244,3.09,,,
549,1,2024-10-09,17242818253,Villeurbanne Course à pied,running,2024-10-09 15:40:46,55.7,8.15,140,169,604,8.78,54,,46
550,2,2024-11-11,17512352580,Villeurbanne Course à pied,running,2024-11-11 14:48:07,56.5,9.32,143,167,457,9.89,0,,
551,1,2024-10-13,17276068442,Villeurbanne Course à pied,running,2024-10-13 15:59:06,68.5,9.92,137,166,719,8.69,18,,46
552,2,2024-11-16,17549849432,Nat. piscine,lap_swimming,2024-11-16 08:06:29,53.9,1.23,,,212,2.51,,,
553,1,2024-10-19,17324944235,Nat. piscine,lap_swimming,2024-10-19 15:35:38,52.8,1,113,148,233,2.13,,,
554,2,2024-11-23,17612869519,Nat. piscine,lap_swimming,2024-11-23 08:04:42,60.8,1.55,,,266,2.93,,,
555,2,2024-11-27,17634886396,Villeurbanne Course à pied,running,2024-11-27 14:42:37,60.1,9.44,153,181,539,9.42,0,,
556,2,2024-12-01,17665095094,Villeurbanne Course à pied,running,2024-12-01 15:27:05,59.7,9.38,155,168,545,9.43,631,,
557,1,2024-10-28,17400874802,Course en salle,indoor_running,2024-10-28 18:34:51,52.9,0.71,86,126,210,0.81,,,
558,1,2024-10-29,17407626479,Villeurbanne Course à pied,running,2024-10-29 14:34:34,87.8,14.51,160,187,1186,9.91,28,,46
559,2,2024-12-04,17687874315,Villeurbanne Course à pied,running,2024-12-04 16:09:06,51.8,8.73,147,174,441,10.11,758,,47
560,2,2024-12-07,17710109429,Nat. piscine,lap_swimming,2024-12-07 08:06:07,54,1.25,,,217,2.66,,,
561,2,2024-12-11,17738385836,Villeurbanne Course à pied,running,2024-12-11 16:42:42,54,8.46,152,176,473,9.4,666,,46
562,1,2024-11-09,17493108636,Nat. piscine,lap_swimming,2024-11-09 08:10:55,49.6,1.32,115,161,311,2.74,,,
563,2,2024-12-15,17764930035,Villeurbanne Course à pied,running,2024-12-15 11:37:48,55.2,8.73,150,168,455,9.49,538,,46
564,2,2024-12-18,17787795568,Villeurbanne Course à pied,running,2024-12-18 14:55:40,57.1,9.13,154,169,512,9.59,0,,
565,1,2024-11-16,17548737944,Nat. piscine,lap_swimming,2024-11-16 08:06:50,58,1.18,119,181,272,2.22,,,
566,2,2024-12-23,17819871454,Villeurbanne Course à pied,running,2024-12-23 10:22:13,47.6,7.5,115,143,260,9.45,458,,
567,2,2024-12-27,17850252142,Villeurbanne Course à pied,running,2024-12-27 16:24:43,51.2,1.34,119,138,368,1.57,8,,47
568,2,2024-12-29,17863966373,Villeurbanne Course à pied,running,2024-12-29 11:39:32,61.4,5.98,116,138,441,5.84,26,,47
569,1,2024-11-23,17601792128,Nat. piscine,lap_swimming,2024-11-23 08:04:58,59.3,1.57,118,167,396,2.98,,,
570,2,2024-12-31,17878694174,Beaune-sur-Arzon Course à pied,running,2024-12-31 08:36:36,82.9,12.75,130,156,652,9.23,221,,49
571,1,2024-12-07,17705795515,Nat. piscine,lap_swimming,2024-12-07 08:05:20,54.9,1.15,118,156,306,2.51,,,